k,home_adv,player_boost,starter_boost,rest_factor,form_weight,travel_factor,sos_factor,playoff_hca_factor,pace_factor,division_factor,mean_reversion,pyth_factor,home_road_factor,mov_base,b2b_penalty,road_trip_factor,homestand_factor,win_streak_factor,altitude_factor,season_phase_factor,scoring_consistency_factor,rest_advantage_cap,park_factor_weight,mov_cap,east_travel_penalty,series_adaptation,interleague_factor,bullpen_factor,opp_pitcher_factor,k_decay,surprise_k,score
9.951363410954913,18.08127447317265,0.6191508479842005,12.04133606306004,4.22518731563324,1.0801374412737428,4.544022392301507,9.817863390492208,1.002170433722724,31.249621363746634,4.963297196374025,9.103384724623817,6.135290581579312,2.9424996923837843,0.6997323429355564,63.17458678611872,2.6636628480310462,6.389838994223806,6.459366119121354,10.66023440639066,0.7678546700423403,0.9504856548607261,3.2902997450369273,7.16878300034122,12.790754181824092,5.616272702932665,2.718215727608994,4.6932448636852255,15.484089775964158,10.42863109206057,2.3592183223610044,1.1755946134142294,-15.92827545120276
12.697450364096959,33.107521733382484,6.188069047849969,6.218556678563088,3.3382009208431844,3.2959751551229237,9.194346221068447,3.2431319791569684,1.0752156566270452,14.593677375042631,7.428305699538591,5.227662322231991,2.977912904012507,5.445696286268915,0.4233927799969484,12.240768537804026,4.142008820870959,5.886466151122618,2.9842437410178158,11.710302375195118,8.997092708724221,1.4470213665995748,0.22517289199356832,4.553414668533616,10.916519267123984,5.531798074920767,1.349722468708138,2.6227658348710623,0.7285948057747953,2.6189673644291807,1.2836164625621844,0.8007253659940423,-15.820644521979526
3.5952751441481006,21.443639118079844,8.281975987762168,3.127679226304408,3.2300874776166926,9.512445721681917,1.839965645559543,6.971783275771132,0.6813492900938981,33.796508341458875,9.999699634684669,8.382569872135118,11.319406158646956,5.050562379140482,0.5869711696164299,47.597776057532265,6.860213418264583,0.6264276766083743,2.772330888639962,7.650022339056655,6.417494245955514,2.936914868942997,1.554656772954874,7.748927901835409,16.26493240659415,4.400488963301709,2.9755703036426944,0.838831144678825,6.260884806917437,7.265442588631094,0.7598430422157829,3.896623874753042,-15.627254685587504
8.952511893180777,30.01277393990275,2.115070302093223,5.891650702194001,0.4348103974593123,2.160384178939489,2.496807586899203,8.127051357622113,1.04819820303508,22.848578555805787,13.246365285888611,0.4634539210725299,0.28132609490659066,8.52420054481937,0.5021401221276984,43.04256567289006,1.8429363221523969,3.1637506278663814,4.9898568908495475,5.4422846255393145,8.378542223992675,2.2006695921090382,1.1923059916556173,5.022591929010861,19.554038940640588,1.5697664939623963,5.148751080355539,3.4189036533102586,10.34726898177074,16.972229508861357,0.9976684818601027,3.992636191146688,-15.691802973442869
14.758576297314153,19.005107712962104,1.4757727854078637,13.822348603546152,7.754749881095034,3.344364053989564,14.656447739562743,7.596016966929831,0.789390977380505,29.102317809672865,8.8009878202764,2.3426205739382784,8.049280951933794,2.1130504700371424,0.7287264895401888,33.073315523507745,1.153955052557183,4.772101442573447,5.8166696583786885,3.9948787272895387,1.5456345955665327,4.185366115715556,3.593430719558559,10.071054879971095,13.636095081477789,4.387156050457254,0.005889100264071226,2.9723978824632424,4.686602255760414,13.477934473261492,0.10328551577288972,2.9003304149499716,-16.168084867543776
2.667630126407902,27.723769617879938,3.1163832480543494,4.595318793251737,5.666869017887008,8.900501875876971,3.5156774324582303,2.1072547653080207,0.7392162927825832,11.281594292674711,16.926279926140857,7.137338626831645,3.885228680300429,8.363553387973985,0.7721410800263209,69.01413766518499,2.1215348314827014,2.60879344704702,6.803223285227309,5.020717410599388,9.802528886279587,3.89556197408888,3.9189331235663536,0.25696526306051837,17.28826156870144,0.766395884736552,0.6213812065055275,4.258898154447764,10.82817413441743,9.333619795668152,1.930248013281509,0.290361586277358,-15.37894679430579
10.521298045857382,43.290486682845454,7.776482967520316,10.834711347719667,1.7708398966883518,4.767553044657683,0.817197304847288,0.9891914508576132,0.8593814259597439,8.129246286862287,6.71292410883611,1.553162404364895,9.379616698746982,7.215661709032204,0.4767624665321537,66.2990139774528,6.189153537430286,1.7067695925534911,0.8386695631898036,0.8576249856580862,5.76153547880935,3.6306129647801124,4.32943820525967,5.786155398870793,14.901172177079271,5.037828366935802,5.974087497889497,0.6309284951425999,8.959180135928325,3.8567955021045623,0.47909017032387224,2.5812025187688437,-15.792512492473925
5.28209276941902,24.160353706799068,3.5944608961775444,11.70722401238458,8.578702196816522,6.121594490709244,12.48371128692634,5.034446016352546,0.6104111772218842,23.85333337131429,10.332486686356871,5.338499550258334,14.707851445643701,0.5207297884863338,0.3537196800658507,39.57306583549031,0.425981420725574,0.4602720587839973,1.8113555005017314,8.149765821190066,2.155862820788407,4.50195301075149,3.71944635646135,2.2413120074313193,19.11252058227156,1.9478248838925885,1.8458456377109052,3.2261860220587417,7.963875499752613,15.903954144758979,2.4038422937139723,2.1428264080027266,-15.517995973125718
8.378770717355312,42.189365277877556,4.538443085015373,9.908597205065815,6.974903313405051,4.09654243730906,10.693114495683197,0.5793995338270698,0.6377995535633225,20.561005312390503,0.3865413051214307,3.8426519561841967,1.7129415095396363,1.0269056389933455,0.6285954648997838,26.637845867367055,0.8702827230870991,5.486832226302048,4.606482357572018,6.838588467903392,0.35689566982366294,4.805372680355073,2.8245117266354405,11.214328917609745,10.313934238633738,2.093202304868238,6.330395343359239,1.9091175577343118,2.2361845494413717,5.69454836202233,2.133166496107412,0.5039072826666392,-16.03301325788044
4.677694423800484,35.84648377006229,5.382041615567564,8.08960576314521,2.5641557208067955,7.730068548970449,5.312350384205456,1.4846245322120477,0.921451839939746,10.827549031143644,4.2588958094204346,4.510442631046743,10.597605846182562,7.199610025866235,0.30558752155698915,55.16556603751991,5.497515599953172,6.984908315241524,3.8311932024721647,2.1418241943893293,7.976556842740722,1.6648933803278945,0.861598782200722,8.548174566690804,17.465274591685365,3.7918421481175115,5.123137247865839,0.30043410716422425,12.793665602690348,12.550290049414805,2.6682405589240847,2.0489137181012773,-15.755585050966214
13.794779590169952,37.376829402853886,1.1082607092403203,14.590647892174212,5.035148296388817,5.726843174190902,8.918440617770413,4.550737928520579,0.5453457283308832,26.53977592309077,14.519280762358445,6.473234469400174,12.057191115345615,4.342211544427214,0.44321829683041686,28.4700996279734,3.179427913906671,2.192032497248691,5.354536823232581,3.197749885353585,7.112553683292379,5.246948264423108,1.9768356511995933,6.856879014977095,15.803264154696972,2.7236958017074286,1.9761721140027089,4.463090224451895,3.5766609697176563,15.67215381620996,2.8887365231098614,3.402247061005654,-16.078587704542254
1.6936427102372895,40.748278190883674,9.9135017204689,0.0012612083296335008,0.9599908482329782,0.20051078218311838,7.159781202768472,6.301300966124376,0.968614342310806,16.209804655383316,1.1913453342625466,7.91747162530883,7.048820765073556,6.300804386673288,0.7339240753439671,22.4605913515132,5.0859430434477915,3.636801842171039,1.2023229993190303,8.820346679310052,4.365624764807425,0.22202788464267822,2.4091104675491235,3.1570109575046907,12.46789237661888,3.4822861757293975,3.410149259856674,1.3434192322425942,13.651168883464809,4.622391289756387,1.6785880499098838,3.0602338356886114,-15.475461387445637
6.2995423423066335,26.45493507114434,5.064059852542035,1.5712592297976655,6.447719015965873,1.3769382525483316,6.803120477480638,8.88767002737408,0.7421768073235763,6.556317557605698,2.3153164766893726,9.477184920544161,4.330811040870105,1.3082211059700177,0.36974672740992753,51.33544378877035,4.317473390982531,4.522124738160027,0.30451981790524524,1.090664436916138,4.87218517387083,2.0956472564031543,0.49246484649365496,9.235117077777463,18.405932315527817,0.8445488247493754,4.027235472300959,3.7966386906100102,14.159325880056679,7.762118844654188,0.26878144169191653,1.654117457060363,-15.712527826736887
7.267730493248926,15.72472287218682,9.139726180789182,2.6256275551829815,8.751642729276861,7.082458593055589,13.141459661000914,5.941788098499762,0.5031176274012542,28.5596033734843,15.456008746310347,1.0328987981517637,12.91487469948455,3.741888009475963,0.6570135235111397,57.29965185742307,5.772353693856241,3.769901645163463,2.2171291880784145,9.924358886328143,3.919284976136586,0.6765629191443487,2.2767748088566933,1.3232350071632637,14.476038600177098,3.027066181126391,6.980680005110577,1.094653249660204,7.102255309625914,10.767517754867576,1.143865867068831,1.395351736541994,-15.606802834070056
11.784625892143076,32.55290945588665,6.773861460471155,7.508837655786021,9.884166357171623,8.085811436430575,11.828982887236913,3.4759602712472355,0.8993255143881136,17.997542975855374,12.340135883803425,3.1878364212820283,15.599566101042562,3.5777362846034664,0.5610183774164572,16.354139168967052,3.4664154951789827,1.1757141981098853,3.4592358944494355,12.657430074883717,2.8504377873842976,2.8472512431370456,1.4546867311675187,2.6173714706187567,11.805859719261607,0.30096705560135784,4.383212919259817,2.0314108583509456,1.4372780415054345,14.317876447532138,1.5322020213152523,4.3858976075180935,-15.86692777209542
1.7403405197506936,27.33577683913275,6.58484257719674,0.5862932386245495,0.5501141072058546,4.922651468505084,4.317493509388592,4.962071476425116,0.7377757468958112,14.041961789318664,1.950411805818166,9.89460391371049,13.878178922635094,7.593886351120324,0.6554961789611042,50.62760549348055,3.2914899177017687,4.550057430412847,1.7450512625657666,7.274077839576968,2.5091352383031182,0.2454766506889432,4.431593746457145,1.8308309524144182,18.61774659708238,3.5091319700988475,5.3105766167153226,2.295923414099354,12.550838092441131,3.421190319817489,0.5205577678716629,1.1312222683090924,-15.355798927009413
2.005507465708094,15.569879981728013,6.078088033884507,3.0532371246044603,6.776394036181429,6.4567970237179395,9.587645147564608,3.3249576247776647,0.8719289014178611,8.674970917306418,12.882320047731845,7.9208234654629885,14.870492264167261,5.991838728522196,0.705818861356516,49.99788090296785,0.2974833383891661,2.3376487587673482,0.7750242782910477,10.830993873559025,2.589467821809228,3.4760081698427223,1.840001051356216,7.98207109748115,18.981725228511976,0.6532775241520672,1.36171031749038,3.4966525582953425,12.858576963383983,9.89583599060162,1.8814015745119554,2.1661254254182887,-15.553214255676753
4.318007041273802,15.597275708894989,1.0837845270867796,7.171461107248581,3.9557179227547,9.083554442893684,0.4193414515272348,9.600860511672572,0.7548230334013446,14.578074009039888,12.770291800217661,8.034575892384622,14.904638701773496,6.681421760398219,0.6461433751440154,63.79830747772366,6.009575650449838,2.1608883846915483,4.052904720171719,8.882417775736792,4.167774398572166,0.8896647519904184,3.939355943847445,4.614873773112968,19.841885928861437,1.218078534085751,5.114977967583451,1.509757635992342,14.977447763924197,8.786382942248732,2.097260341898579,0.09351769909468438,-15.519834117721366
6.981978339598676,21.80903551541663,5.721163815606825,3.680070236255661,1.2966817507230943,7.019328483160451,9.248875168007473,8.621034202060148,0.5942721977447436,22.444793477418592,8.587671236370431,7.077279135841882,6.657202186665774,8.132913278706418,0.7289986868573478,68.74330703031173,3.331364048435706,1.6319596560714142,3.9909062401055126,7.5646211112790676,6.513289206115589,1.0324131690308653,4.4088697660479035,2.4820949684560416,19.11945782966202,4.89514700937026,2.902037547656235,1.179115676958244,6.682710221471876,9.646797762103963,0.6347610147562704,2.006214797881036,-15.588532013392925
1.1939783176454823,42.84229240969589,5.539403168094973,4.011910258892088,4.839577034005982,3.1841587096847035,9.583291877491066,0.5534559439525788,0.8622594682507643,13.273575733751292,9.268327241687475,8.094803238104587,8.332033839405714,6.610532047806199,0.4904827424871992,29.678919104835952,5.098189523093032,2.4996526805646364,2.6931707391185253,4.957334008034811,4.520149541262718,2.9226730510558814,4.461306871044135,0.7281816210011207,17.95414370772928,0.1639384180865613,6.552129228514811,2.3874037353923327,12.269588765954914,5.76284655124668,2.7092419142225186,1.738072598324018,-15.403581221793118
1.1264112796422188,26.478320708380927,8.626750371341629,2.622982896099848,1.8793006606839402,0.03372300114044213,6.5900488797378625,4.367908878408797,0.754430541781808,23.03379265350306,5.0036805707717145,8.481737825554433,10.586833745578948,4.315845924971546,0.5292342298577679,61.07456174306289,1.8851111495880302,4.160016652615907,0.8741380857283266,11.331247092270523,7.714528429924669,0.05176756478241784,3.288138850194386,0.9166385620856305,19.25214224693668,4.299129272741413,1.856854649836189,0.23202322547118903,0.7567090591681289,4.877770248424655,0.49208782718313493,0.5557522423489023,-15.329035361189689
1.7052687016370198,25.199058365332473,5.208928235076132,3.7528168175838887,0.5655883067525691,8.120811490998882,7.768897174230621,1.6047480061183184,0.8365374715819905,22.74411592224108,4.721741688300283,7.754110756892786,14.960277878415296,1.9869268078453177,0.7583098106301263,63.83259669157294,1.9713449499586062,1.3603409201994665,5.20996354786824,5.181628391215758,5.050765148451437,1.7513351272349724,2.416578193651847,5.24070640153097,19.803793102627886,0.6714148855381734,1.6321407266953338,0.4844469069487817,15.06005064066872,2.614890452994903,0.8494113677515615,0.2690122701604364,-15.413828582398924
4.365025648428475,25.757576317196296,1.0260772576292088,0.8073858588515082,5.0042551526972945,0.6230976846489844,5.542458432473541,4.70088463970259,0.872375507916413,13.828777760747805,5.469433968469963,4.596124816322817,8.39095536049415,4.600103308275831,0.5004605501051618,51.18812590250723,2.3212853719210056,1.493385418532032,1.9776078218675681,12.277222422792116,4.906887274955646,0.17733883785915966,4.425667132332866,5.483631060718602,16.595636053622016,1.3259617600053664,4.550318229441777,2.462844553779118,5.559054044341924,6.538102564708293,2.5137184096536593,2.29022956322303,-15.542260996241488
3.5908389808470393,17.865767211732617,7.817439059736511,2.0373586645522135,5.754348160021116,5.074580120568498,9.035526771537643,3.6854730368138764,0.6717462682244724,29.1213380000431,9.13952187425109,9.708998105699354,7.039947741450142,7.193567555011905,0.7950863186408899,43.13288960366782,0.8362561603895414,5.692149241600608,0.2469758062398627,9.034626663767922,5.2945603786940865,0.4885695754597447,3.6030031863055214,1.9257535866660973,18.31536214257965,3.6371242166003945,1.6129902531500881,1.0326431139385106,11.935364116664516,10.877401210335561,0.057837512636675914,2.73254670975147,-15.437275461178263
4.009668708738489,22.203105028548556,7.421606892783728,8.001907155689768,3.203035503415559,3.556646382188676,0.01890727677151427,5.636821615865206,0.5878396731431939,16.62354504170537,1.9283058665563653,7.410885128339011,13.951850945834519,7.051653202259186,0.30051113428271004,56.36792678208301,2.0792662143806537,1.722811551246492,3.488503244947773,11.938623022809626,0.6964489845425803,3.6434322237724297,1.9263642674402517,0.0034637788308937156,19.375334280898244,1.4062433969276065,4.579641072202451,2.177243895428589,15.47130963758144,10.610815764934763,0.027665491181112833,2.8770486826959827,-15.425655925899834
8.798691665724869,20.701158895485875,7.602412663764841,4.588053748531425,2.036611694744103,6.7162891695852425,4.999387128127414,1.1617668076086862,0.9703329825156065,18.817929969389517,2.824478566822068,9.47929962896829,13.99028545846302,3.3732937026124934,0.5020004493689841,59.06267469767434,1.5048148466585687,5.8704436408870135,2.267961803041142,5.047889097725289,3.2764242393563094,1.1411866402763584,2.0807550173892935,0.290499527121463,18.76707656616539,3.1535645308998097,0.5222504628979225,0.23853440419267957,14.811886499707143,4.168553190559221,1.6933847297116547,0.010330727044149612,-15.654722165038214
1.7487255854442527,36.331197347132644,8.48604193987002,5.017470106577942,1.527557466559809,3.795155623140208,1.4368763837396503,4.5828590155745665,0.5717034746496967,5.82409691857682,16.962793571568756,9.131717865694544,9.71276133261933,7.9295495033514145,0.6711908712952968,66.36353190833128,0.1626519980800547,4.054964637029124,2.956365969738984,5.488572019502945,9.195614777818163,3.0350163472948175,2.236890288656466,2.168584610183291,19.63369949310458,1.1929280177162123,6.071884155578478,3.8099112719446113,4.9913117156059155,15.157163377664144,1.3268511206862366,1.1187843133618958,-15.355025914835043
1.506288141837096,27.2019877250899,9.596647661280532,2.1055134944681493,4.195470839233252,3.4688862050016454,4.597285581099252,2.9781165318376512,0.587783415071813,17.638657412093394,16.22279752277648,7.424122854763839,0.5950791627448258,4.017672382814029,0.4673450241346868,36.55448321309153,1.1022974546438726,3.3570485466480973,1.1344560496601317,12.55769634009471,8.492662892563255,1.4526244865331392,3.3762185667423874,4.38196675461758,13.859634717715952,1.7846938146573785,0.1811987279969014,3.680061192312048,3.4348232649900705,15.717726041654787,0.8645712201973607,0.482773913969187,-15.377838308092656
1.2647569565093413,15.853706614489646,6.861695343194777,3.6371779243034315,1.551853740411312,0.6821937745043383,7.049574513602746,3.345928800437239,0.5632793048537197,25.335723598199063,5.928452175680176,4.583018579304783,11.271769033584974,8.689828702607787,0.5979833901454576,69.12455317598159,4.480061646769759,1.998654280088865,2.517156323760427,6.973335758737881,7.626659512483391,1.4307996693673488,0.41988219979741265,4.135342115812289,19.947660835178333,0.9105846747237503,5.250603284859364,2.0612312495151395,13.41362031348447,9.409419423297456,1.5502398239877273,2.515867815145515,-15.397527872107792
3.723807454598473,23.657582405895532,4.144670610029016,2.9289829788406054,4.0130625803267,6.432294636455703,3.1277193881690204,6.589750445492681,1.0637239333080197,27.31377620267974,8.50490356920272,8.518619695967807,6.258232959479676,8.99645745327421,0.7476794190657132,49.14323182590575,5.450643367493926,0.7297396752708609,2.915924857659094,5.159771581059516,9.683733085187573,2.1793985145715458,3.238875002396214,0.367647423070033,17.86594775938586,0.7394064637356033,2.211453972129815,4.895455308412365,9.258916422102052,6.950379714154874,1.7099421945313504,1.7567337222431085,-15.453878076224075
2.667333545895472,44.24234792698551,8.856296398441268,11.552454039748751,3.124181985178729,4.13704758859878,1.8209317743224984,1.9435575013932938,0.5746163408962921,17.81446236707449,7.3738837028938065,8.49471376591356,6.316296904252214,4.27231882179667,0.7807965593204915,60.9978796321942,4.169439715953576,3.0913138559462214,0.5760929441625338,8.19786235927348,9.143506024213377,0.7037687591452297,3.819024450637162,2.2226444304531174,16.380310783520486,1.8866469632909808,6.943544860610196,0.7921662890424191,2.596340956188655,8.870400575303734,0.6437447620681251,3.1867510487743917,-15.473525392387556
3.3735038346002093,26.567345128387153,9.821918435289387,2.584242655495697,3.747515389568731,3.0090231876449005,1.4564729507399927,9.928117901649129,0.5109443549996834,11.303069175076846,9.045192656877994,9.289401048399109,13.495236982319579,7.035066319167306,0.4963360155336338,29.19206129058621,1.1135296285932932,3.6974944853697376,3.001869798015438,12.192198634377345,9.361952389840418,1.4089848181760285,3.35763030087832,2.1841970196040976,16.058042143252734,5.230885426637455,2.2154380136228076,1.3063346160759566,2.1587873284942454,5.274090277557523,0.7622929874097318,0.8070593233932153,-15.383184433204187
4.6459207493760175,30.510817750148078,9.978128176186248,4.159597374632459,5.1965871690122665,4.678360072012903,7.988598758683812,6.338732255965944,0.7785751664796613,15.290273254726289,15.403120210560566,5.986543058469939,6.496609814231141,8.207491798236141,0.4607145831151047,46.85482458010887,3.69938195198669,4.356836040977497,5.328752391058161,11.413467539721074,6.003948379422721,4.430595680616392,3.3838645033473616,3.2941288792774923,19.339620965063567,0.6135502369597745,4.827841380753538,4.777601785211355,9.088871301691828,10.89275073688807,0.5674412889313251,1.3590102873848942,-15.47445728402769
3.1566654381747474,15.79777181955928,9.032533121769976,1.6022993070637104,1.7577807731657857,6.566102983280921,9.011142380517468,7.568379395852559,0.5919536213073489,5.97839618647691,8.256440470119768,5.0793104562784475,14.374605098295811,0.44027626014954535,0.6701039775246865,58.43044193448194,5.937198982470315,0.4909107958849892,3.1319798534460057,10.982589044158898,7.466715266592441,3.7739114403737695,2.3108735071086017,0.07300736335144714,17.318422574260964,2.4963063805910357,1.1557209426061075,3.438955836989599,5.477030949268002,2.2394848691250555,1.7503645858467727,0.22562923033383603,-15.421719251823424
2.198320994234173,32.19036117170453,4.546019858523347,1.5826515045855678,0.4171911883148316,7.091610200730585,5.545677107370787,1.8101123727720703,0.5567655054338811,28.106735718225327,1.4117672028815762,4.004537146602367,12.99020674229696,1.9758921961810318,0.42756070039942773,53.39664087940753,2.981922446877469,0.7994644851622347,2.8764250979321395,8.50645539126128,0.39636535742849865,0.6727950057758223,2.5541799956490663,1.3524396898751712,18.25919833453097,2.011928504974871,6.344129712625665,0.5175140876683959,7.040511629064932,11.538729107859236,0.21417773500826076,2.4642078251447885,-15.375720087496845
2.2122168611549915,20.49482532573397,4.982811037494724,7.489063334743824,2.8042311016286723,9.609337396335553,8.538848580905556,2.4254707577417065,0.5017528253206367,20.791251748309413,16.997366609850594,7.331415124485154,4.4218610673861285,7.143921988746506,0.7325266020353549,34.698154459474594,0.755104150221823,2.172002017803958,6.62508531851932,9.745992290818716,8.024357259563232,4.173736591623341,3.219912405380782,4.372655026313346,17.726102552619935,0.20911285887849496,0.17612461357578546,3.0754272706875674,10.344285323138612,4.067192318622627,1.484918618983523,1.0852594152812765,-15.408005283609842
2.4834007630089134,32.91832796658949,3.2633960716536747,0.5325077166872672,0.1416538247925414,5.62981055851589,9.932029466234896,6.696190414838758,0.6034804658033477,15.389099549409353,11.155371753185197,6.535088140828046,3.5435967633238903,6.644311673536779,0.5132247443575569,51.50321214354556,3.0391603405426397,2.7143553680012653,0.21087275043286868,3.4248645829303186,5.651632775827393,1.2920750771343157,1.8625990460914543,0.5010162663151985,15.736452473552351,0.3175032377549045,3.098962615295423,1.1350425385238894,6.768091287018304,9.095430102698682,0.46296983446088635,3.3632796151109097,-15.401170069808163
2.468160800513956,40.86375700780822,8.888733488028775,4.365185976729434,0.2642166169100191,8.98862798841861,9.814809430303365,2.285108475964146,0.5294424350023178,7.613223366941448,16.702993713124226,8.705145227595034,14.418349598041708,4.51925325048315,0.3734072087684394,43.87219121764073,0.5739169015355664,2.743000011271858,6.772595125321763,12.045209102012766,3.6901619982276546,4.499382242547888,1.7173237540275663,6.385281266289985,18.526634808655693,1.0126963576686812,0.6508200010416438,3.7293082345134723,8.58624522302677,6.779921158904582,1.2408575061761056,0.6301265830688054,-15.514011836529388
1.9248626625503107,16.385388468212117,5.779547488151611,0.25058090538970346,7.7823069729361904,1.6276791005349156,5.720018040735551,1.1470937248733726,0.5151439153004275,31.493396125510625,5.027708842630703,2.577027453704752,11.291298104092618,2.626903510830755,0.5817698902041739,63.813927139524786,2.401588240509741,1.3087875735747743,3.081261166559916,9.190416057967171,7.783508515676352,3.651313823556475,3.475332800229628,6.1819435286426625,19.64083082015047,1.080699233933773,1.9725770842808314,1.0481374549946665,15.36278885356408,15.85254815458942,2.2707805922419144,0.4874024089418796,-15.455773603443259
1.9741233789730739,29.58901014771717,8.898409815125854,6.90962485126483,8.740029984561758,0.9414087576680397,3.3509074765796205,0.4410400240734391,0.643949847387283,15.671483342616252,10.286438934990024,3.8625676890964633,5.78876545405522,0.6631535731068013,0.3587759350351677,63.82184781555696,0.19762837563416646,2.8432147568902124,2.556293270554477,10.458119536641112,9.340740855737902,3.6223702730030136,1.5858810617689705,0.05682444891026567,16.42475902229645,2.939105730217608,0.906467297085313,3.1881890968621835,2.6327545253605873,3.3705520946201286,0.25649845670085325,1.919814971963528,-15.335153730750722
2.4744198833484923,28.513272081411476,7.0387919699604815,2.3204054070015734,4.694215417414639,6.633068990476364,9.421778469089245,8.629242579509807,0.5182391971340218,15.748769693225434,15.126735674423028,8.156198870624776,7.574532376957963,4.963850862073816,0.6182299601982462,71.95820201955965,1.1935405052349015,1.7302420970125036,4.5283417039572615,9.969572433182996,8.86693228200026,3.854954151039621,1.39731701092118,0.510407327878649,17.324015166682244,0.2834054950658691,5.279085782407357,0.03479274466020921,12.891111750766292,17.685849875323797,0.9273729907513701,3.4366241689451615,-15.411234180573274
2.2191551976552306,32.47392991806419,9.025758579414854,5.414908852071342,1.2900350071126798,2.4066164707919646,4.6067192592478685,9.498085356034201,0.6372134248557175,31.58011345475483,5.058962082125081,8.138982944215329,4.229657031397435,7.223821813383026,0.6646591835061794,15.80385318175254,1.7971799915864641,0.16597478046854652,0.6332863257770708,10.216145177182325,8.32981641561287,0.1262258304930064,4.065711329069146,0.3276671116821349,15.166418066042624,5.117358901152172,5.874168722145963,3.7551730682427302,11.970216410530451,10.841473720091132,0.5433714696346699,1.5662332236693688,-15.368420678888597
1.5797120465544274,40.64918399444606,9.708697402508822,6.622234847708204,0.8074687118681423,1.223279581339115,5.426297415373443,2.4677056780989917,0.5015775977812376,9.155050693674667,5.673199753589497,0.3609582001415945,6.634062900925086,8.266067403947593,0.5238533239577136,49.08490753466028,2.3179112247960942,6.765915550159388,4.534388595618803,11.347065868628778,5.619514529349102,1.346770736983696,2.7879841644174848,0.5129309039247336,19.744410171746054,1.078051357001859,1.281545237088297,0.4443010911769679,8.517319394617896,2.982900771042196,2.0135821023491838,1.8778238024436913,-15.416709507905486
1.5429140346185877,24.770603470497186,8.085109450001527,8.293810703121707,7.972061124421184,2.0210201871397393,9.929026251470267,7.11980887387085,0.5605409733588664,13.911553419248632,15.638036992437794,2.9119384359338407,7.946444111176733,0.12965980576524083,0.5978603411498302,69.37130231720337,2.232185207638778,0.8902883519451222,0.5689101034693624,11.895029769310005,9.33630846376553,4.982309786361071,0.600910786276123,8.59619295725721,19.50316982944486,0.8571458671282257,3.9731600993627523,2.802821914293861,11.67346886881386,7.2287736915125596,1.7611828798435711,0.12356926366936921,-15.578889291919403
1.034702611870889,38.77786910429289,6.781485059527419,5.150185873918484,2.607265880805354,2.504937103531332,2.0247534024153597,3.483264552210988,0.5739950194052269,8.009358273362919,10.284920147130197,3.6414387400726667,14.877411219429845,3.0938373960053966,0.7446203816435457,54.61446098121407,0.2757700447309466,1.6028771776246729,4.551764632290216,5.570032434658033,9.283361360049987,0.6042755977131649,3.7234769335543003,0.08269088893423698,15.615375190787741,1.5092114528428577,6.46860872237287,3.34813766721516,1.5725112117897861,16.123097298708714,0.5737976780174525,0.9408800984884192,-15.323510913389391
3.3179795478670515,28.68759465069936,8.440166712818005,3.2156707923110996,8.378329669644915,4.227685558559689,0.5544616580445832,4.191416566355155,0.6071721705553642,16.208715107585192,2.1442934735271226,3.105437812897355,14.658054812948036,6.805812958685333,0.47141121013303344,53.852786780831174,1.3119039292915766,0.9123529915712316,2.1995818797663405,11.271407989169553,1.1345424472619592,2.838572299893498,3.9100057372985115,5.324672577176099,18.123314883829458,0.7987833844656196,6.6967236069925455,1.539081538179738,14.340198215325938,16.621010298819524,0.2659623584344668,1.482693423617179,-15.44655874366061
1.6493702364663811,36.1903130630307,6.978960551584556,1.596968921843922,2.5784986157522463,8.334103796194455,13.898816744474633,2.5322654111671152,0.5573966426214659,13.716019684748295,9.095295844695578,8.462947516813879,3.5722372277699534,3.617018479552197,0.7873174676559851,43.223670437682244,0.13196331828254193,3.4916776184042275,5.508906941647166,6.228543016466582,7.179636710899716,2.9660176840955375,1.595478369950863,2.417611944608534,19.225685010514873,0.7639993163872314,3.5198964427810417,2.908815071228874,6.259793121161367,12.027836872656694,0.7780597822134219,0.8621184715350483,-15.378079650734513
5.137985596602148,26.079593972527334,6.6439788618997255,1.1068971759601653,7.798656624623033,4.692630394563882,1.8603518366186145,5.911293359371637,0.5534590581709855,7.810471634923726,8.492552787575843,3.2303047366929394,9.017153397987704,6.186078533240375,0.7314766308753794,43.54276578855231,0.32473705265143293,0.9166549139583897,5.355426007180882,12.821922905033226,6.456295099732019,3.948539447644805,0.451590876969284,0.4409013372331813,15.709009741881367,0.7750529500308971,3.782216885315,2.0876656124804156,3.527693429469915,2.6615341393731384,0.8322322014846237,0.6832593352597379,-15.451123428664362
1.275338675918172,33.11831464884933,6.388873373946725,5.703229424123334,0.23576800413024124,2.0404498151926576,3.8357753688605762,2.2324034663266556,1.0885927964090927,8.037274852468677,7.511298979403725,9.899421551996577,10.432595665157782,5.022639907255826,0.6465655906801817,48.85251218616694,1.4811811508261934,2.3692027850323387,0.4885794484474171,6.428944546572614,7.040107322025724,4.925527438478252,4.207128664901814,2.3605914286695815,19.019485218893607,0.20401347464548092,1.7766863902478383,0.40855159634025584,0.6372052630144616,4.373498753061575,0.9682855838881503,1.75241040260605,-15.333677641922131
5.187260003841015,43.438366920057966,8.15409915003558,2.3649430794775657,3.025774437991622,4.101528747249706,1.9856589427349014,0.29691916955110975,0.9028183885902522,20.369735712272043,16.646614942557587,2.27365751018516,10.145321379205411,3.105972921411113,0.7241939736001721,44.56611936265332,6.719834136408676,2.2856919932937356,3.584269785377979,8.472674955021963,4.757336928380713,0.10805762018595994,4.286876638032212,1.5157397684612726,19.57194076620585,1.3477865670208784,5.533532933882807,3.6649712490377144,10.629905904027984,5.542289230394301,0.9355286610544263,0.6446744583703372,-15.526668642576674
2.1139046157829555,42.25367149385712,4.807836337022043,0.43581240107608665,0.8313858387529216,1.0670244333481171,6.333321196330638,6.68832797438832,0.7518639599759236,27.19161966744179,1.2200993193046732,9.478218628608877,4.222093878197221,4.347986430466831,0.4647968716290613,56.35719395865538,0.15260668008046896,0.667429859614714,1.162213616523848,10.281672290961113,4.600321086394993,1.9054929237368254,4.460121342612669,9.274750408465353,18.74960405437149,1.4479838871509174,0.926933303913509,2.125547991589732,12.212075046105685,4.8985664002079154,0.9615038307580295,2.0568385423183138,-15.631363253789104
2.019061184447233,31.154644072179057,5.422942418244052,5.001129340205543,9.79697097978063,1.9415305060925137,8.30640630826974,1.023007910121827,0.6494256685444562,25.072124796144646,11.168749181569769,8.912159016263498,10.679166641644274,4.370742078843813,0.7002221806055204,28.144502680645324,2.326406602866877,6.7958120066732075,0.11742088916358584,11.421243799261322,8.553343286445145,2.1622400041199805,1.17963370875598,1.0093105046123139,18.734123754966166,0.2003240961867705,1.9560549840140542,2.8525705453910533,6.570373391604704,3.118669795999537,0.7725522893828135,1.4401652300288068,-15.369857759762887
3.0822325063794267,33.74274615854236,7.045846093786032,0.08068583541730234,0.9090087895787746,2.601201087906589,4.412352299037651,2.755467355699064,0.8058422410802116,17.243224066249162,12.370675799684207,4.878957304606316,11.417434720605012,7.093543143785619,0.39837883658157713,41.31153385743081,0.867790926163063,0.07429808450473419,4.069220543986509,8.91933777649586,2.480008214629943,0.6946640793663164,3.2480787758011407,0.5215640251035918,18.347240295734192,5.144225976647737,0.04997347405771413,1.4040094083849146,9.631368489368528,5.43895138638943,0.12398834950151505,3.3315621517320713,-15.403521824064514
4.69312980736995,22.895377440288165,1.7165847481813912,6.867620723847347,0.6737861088786412,7.377128157049193,7.275969805750836,1.6166726695483713,0.5509012171736427,5.357907638526025,2.5070685659769807,8.225399212202792,10.260580541067196,2.6808921329590385,0.5830759787842815,60.547950549301184,0.1965863227057515,5.09487479004639,2.3838728528640853,12.990809449882754,6.865077244335102,4.095309580963412,2.7047336548127823,0.0840926879983106,16.665921464941682,0.5473828539524825,5.463932503425498,4.461456549124771,5.6276802943127056,10.201264512608622,0.43281930914454525,0.7097501498739057,-15.429854496837315
2.2521694068810825,31.9137313239276,8.848497079508066,2.6773020694335914,1.7058779413141134,7.578925049059535,13.85816431335876,0.24956458553460847,0.9554276431469926,22.321790143227933,15.076844634398185,9.083297502401349,6.914302620822433,7.25063143188463,0.39041723654979354,31.328686467352384,6.884310407458793,1.880793736768094,4.114552036186018,9.708830085025472,1.9069329609187347,0.3594013471521808,2.5054945881632964,1.328089418866736,17.93156056459064,0.7293588522411987,0.39635358239623797,0.8501735572457181,1.8650455279868723,3.6742267919763947,0.9998410534271865,4.109088557340286,-15.458549012995451
